<?xml version="1.0" encoding="UTF-8"?>
<metadata xml:lang="ja"><Esri><CreaDate>20141107</CreaDate><CreaTime>12294200</CreaTime><SyncOnce>FALSE</SyncOnce><DataProperties><lineage><Process Name="Create Feature Class" ToolSource="C:\Program Files\ArcGIS\ArcToolbox\Toolboxes\Data Management Tools.tbx\CreateFeatureclass" Date="20100105" Time="221932">CreateFeatureclass N:\HouseDiff\各プロジェクト\200908_SeattleWA\納品物\Part2\SeattleHouseDiff.mdb SeattleBOC2009_Part2 # SeattleBOC2009_Part2_Layer SAME_AS_TEMPLATE SAME_AS_TEMPLATE "PROJCS['NAD_1983_HARN_StatePlane_Washington_North_FIPS_4601_Feet',GEOGCS['GCS_North_American_1983_HARN',DATUM['D_North_American_1983_HARN',SPHEROID['GRS_1980',6378137.0,298.257222101]],PRIMEM['Greenwich',0.0],UNIT['Degree',0.0174532925199433]],PROJECTION['Lambert_Conformal_Conic'],PARAMETER['False_Easting',1640416.666666667],PARAMETER['False_Northing',0.0],PARAMETER['Central_Meridian',-120.8333333333333],PARAMETER['Standard_Parallel_1',47.5],PARAMETER['Standard_Parallel_2',48.73333333333333],PARAMETER['Latitude_Of_Origin',47.0],UNIT['Foot_US',0.3048006096012192]];787755.383362562 -336641.416178121 1953.12499818101;0 100000;0 100000" # 0 0 0 N:\HouseDiff\各プロジェクト\200908_SeattleWA\納品物\Part2\SeattleHouseDiff.mdb\SeattleBOC2009_Part2</Process><Process Name="Append" ToolSource="C:\Program Files\ArcGIS\ArcToolbox\Toolboxes\Data Management Tools.tbx\Append" Date="20100105" Time="222046">Append SeattleBOC2009_Part2_Layer N:\HouseDiff\各プロジェクト\200908_SeattleWA\納品物\Part2\SeattleHouseDiff.mdb\SeattleBOC2009_Part2 TEST N:\HouseDiff\各プロジェクト\200908_SeattleWA\納品物\Part2\SeattleHouseDiff.mdb\SeattleBOC2009_Part2</Process><Process Name="FeatureClassToFeatureClass_1" ToolSource="C:\Program Files\ArcGIS\ArcToolbox\Toolboxes\Conversion Tools.tbx\FeatureClassToFeatureClass" Date="20100105" Time="222047">FeatureClassToFeatureClass N:\HouseDiff\各プロジェクト\200908_SeattleWA\納品物\Part2\shp\SeattleBOC2009_Part2.shp N:\HouseDiff\各プロジェクト\200908_SeattleWA\納品物\Part2\SeattleHouseDiff.mdb SeattleBOC2009_Part2 # "PIN PIN VISIBLE;X X VISIBLE;Y Y VISIBLE;Area Area VISIBLE;Base2005 Base2005 VISIBLE;Comment Comment VISIBLE" SAME_AS_TEMPLATE SAME_AS_TEMPLATE # 0 N:\HouseDiff\各プロジェクト\200908_SeattleWA\納品物\Part2\SeattleHouseDiff.mdb\SeattleBOC2009_Part2</Process><Process ToolSource="D:\ArcGIS\ArcToolbox\Toolboxes\Conversion Tools.tbx\FeatureClassToFeatureClass" Date="20100302" Time="160919">FeatureClassToFeatureClass "T:\Pictometry\Delivery\Part 2\Results-Geodatabase\SeattleHouseDiff.mdb\SeattleBOC2009_Part2" "Database Connections\CGDB on IMGP(5154spu71).sde" BLDG2009 # "PIN_2009 'PIN_2009' true true false 10 Text 0 0 ,First,#,T:\Pictometry\Delivery\Part 2\Results-Geodatabase\SeattleHouseDiff.mdb\SeattleBOC2009_Part2,PIN,-1,-1;X 'X' true true false 8 Double 0 0 ,First,#,T:\Pictometry\Delivery\Part 2\Results-Geodatabase\SeattleHouseDiff.mdb\SeattleBOC2009_Part2,X,-1,-1;Y 'Y' true true false 8 Double 0 0 ,First,#,T:\Pictometry\Delivery\Part 2\Results-Geodatabase\SeattleHouseDiff.mdb\SeattleBOC2009_Part2,Y,-1,-1;Area 'Area' true true false 8 Double 0 0 ,First,#,T:\Pictometry\Delivery\Part 2\Results-Geodatabase\SeattleHouseDiff.mdb\SeattleBOC2009_Part2,Area,-1,-1;Base2005 'Base2005' true true false 2 Short 0 0 ,First,#,T:\Pictometry\Delivery\Part 2\Results-Geodatabase\SeattleHouseDiff.mdb\SeattleBOC2009_Part2,Base2005,-1,-1;Comment_ 'Comment_' true true false 250 Text 0 0 ,First,#,T:\Pictometry\Delivery\Part 2\Results-Geodatabase\SeattleHouseDiff.mdb\SeattleBOC2009_Part2,Comment,-1,-1;Shape_Length 'Shape_Length' false true true 8 Double 0 0 ,First,#,T:\Pictometry\Delivery\Part 2\Results-Geodatabase\SeattleHouseDiff.mdb\SeattleBOC2009_Part2,Shape_Length,-1,-1;Shape_Area 'Shape_Area' false true true 8 Double 0 0 ,First,#,T:\Pictometry\Delivery\Part 2\Results-Geodatabase\SeattleHouseDiff.mdb\SeattleBOC2009_Part2,Shape_Area,-1,-1" VECTOR "Database Connections\CGDB on IMGP(5154spu71).sde\CGDB.BLDG2009"</Process><Process ToolSource="D:\ArcGIS\ArcToolbox\Toolboxes\Data Management Tools.tbx\Append" Date="20100302" Time="161439">Append 'T:\Pictometry\Delivery\Part 1\Results-Geodatabase\SeattleHouseDiff.mdb\SeattleBOC2009_Part1' "Database Connections\CGDB on IMGP(5154spu71).sde\CGDB.BLDG2009" NO_TEST "PIN_2009 'PIN_2009' true true false 10 Text 0 0 ,First,#,T:\Pictometry\Delivery\Part 1\Results-Geodatabase\SeattleHouseDiff.mdb\SeattleBOC2009_Part1,PIN,-1,-1;X 'X' true true false 8 Double 8 38 ,First,#,T:\Pictometry\Delivery\Part 1\Results-Geodatabase\SeattleHouseDiff.mdb\SeattleBOC2009_Part1,X,-1,-1;Y 'Y' true true false 8 Double 8 38 ,First,#,T:\Pictometry\Delivery\Part 1\Results-Geodatabase\SeattleHouseDiff.mdb\SeattleBOC2009_Part1,Y,-1,-1;CGDB.BLDG2009.AREA 'CGDB.BLDG2009.AREA' true true false 8 Double 8 38 ,First,#,T:\Pictometry\Delivery\Part 1\Results-Geodatabase\SeattleHouseDiff.mdb\SeattleBOC2009_Part1,Area,-1,-1;BASE2005 'BASE2005' true true false 2 Short 0 5 ,First,#,T:\Pictometry\Delivery\Part 1\Results-Geodatabase\SeattleHouseDiff.mdb\SeattleBOC2009_Part1,Base2005,-1,-1;COMMENT_ 'COMMENT_' true true false 250 Text 0 0 ,First,#;SHAPE.AREA 'SHAPE.AREA' false false true 0 Double 0 0 ,First,#;SHAPE.LEN 'SHAPE.LEN' false false true 0 Double 0 0 ,First,#" # "Database Connections\CGDB on IMGP(5154spu71).sde\CGDB.BLDG2009"</Process><Process ToolSource="D:\ArcGIS\ArcToolbox\Toolboxes\Data Management Tools.tbx\DeleteField" Date="20100302" Time="164459">DeleteField "Database Connections\CGDB on IMGP(5154spu71).sde\CGDB.BLDG2009" COMMENT_ "Database Connections\CGDB on IMGP(5154spu71).sde\CGDB.BLDG2009"</Process></lineage></DataProperties><SyncDate>20100302</SyncDate><SyncTime>18080800</SyncTime><ModDate>20100302</ModDate><ModTime>18080800</ModTime><ArcGISFormat>1.0</ArcGISFormat><ArcGISstyle>Item Description</ArcGISstyle></Esri><idinfo><native Sync="TRUE">Microsoft Windows XP Version 5.1 (Build 2600) Service Pack 2; ESRI ArcCatalog 9.3.1.3500</native><descript><langdata Sync="TRUE">en</langdata><abstract>Building Outlines in 2009 </abstract><purpose>Building Outlines based upon base imagery acquired by Pictometry in 2009. Building outlines delineated by Pictometry International Corp. in 2009. </purpose><supplinf>Outlines based on the information visible in the vertical aerial photos. In the downtown area, building outlines will either be modified versions of the 2005 outlines or created directly from
2009 imagery. Due to the height of the buildings in the downtown region, building lean in the tiles will make it difficult
to create accurate building outlines. The accuracy of the building outlines in the downtown area cannot be
guaranteed.</supplinf></descript><citation><citeinfo><origin>Pictometry International Corp.</origin><pubdate>2009</pubdate><title Sync="TRUE">CGDB.BLDG2009_PLGN</title><ftname Sync="TRUE">CGDB.BLDG2009_PLGN</ftname><geoform Sync="TRUE">vector digital data</geoform><onlink Sync="TRUE">Server=spu71; Service=5154; User=cgdb; Version=SDE.DEFAULT</onlink></citeinfo></citation><timeperd><current>publication date</current><timeinfo><sngdate><caldate>unknown</caldate></sngdate></timeinfo></timeperd><status><progress>Complete</progress><update>None planned</update></status><spdom><bounding><westbc Sync="TRUE">-122.439390</westbc><eastbc Sync="TRUE">-121.684730</eastbc><northbc Sync="TRUE">47.785352</northbc><southbc Sync="TRUE">47.368703</southbc></bounding><lboundng><leftbc Sync="TRUE">1245555.387373</leftbc><rightbc Sync="TRUE">1429467.007640</rightbc><bottombc Sync="TRUE">138580.846536</bottombc><topbc Sync="TRUE">287647.949395</topbc></lboundng></spdom><keywords><theme><themekey>BUILDINGS</themekey></theme></keywords><accconst>Accessable via GISUSER account</accconst><useconst>User is responsible for any applied use.</useconst><natvform Sync="TRUE">SDE Feature Class</natvform><ptcontac><cntinfo><cntperp><cntper>Albert Gonzales</cntper><cntorg>SPU - GIS</cntorg></cntperp><cntvoice>206-684-7887</cntvoice><cntemail>albert.gonzales@seattle.gov</cntemail></cntinfo></ptcontac></idinfo><dataIdInfo><envirDesc Sync="TRUE">Microsoft Windows XP Version 5.1 (Build 2600) Service Pack 2; ESRI ArcCatalog 9.3.1.3500</envirDesc><dataLang><languageCode Sync="TRUE" value="en"></languageCode></dataLang><idCitation><resTitle Sync="TRUE">CGDB.BLDG2009_PLGN</resTitle><presForm><PresFormCd Sync="TRUE" value="005"></PresFormCd></presForm></idCitation><spatRpType><SpatRepTypCd Sync="TRUE" value="001"></SpatRepTypCd></spatRpType><dataExt><geoEle><GeoBndBox esriExtentType="native"><westBL Sync="TRUE">1245555.387373</westBL><eastBL Sync="TRUE">1429467.00764</eastBL><northBL Sync="TRUE">287647.949395</northBL><southBL Sync="TRUE">138580.846536</southBL><exTypeCode Sync="TRUE">1</exTypeCode></GeoBndBox></geoEle></dataExt><geoBox esriExtentType="decdegrees"><westBL Sync="TRUE">-122.43939</westBL><eastBL Sync="TRUE">-121.68473</eastBL><northBL Sync="TRUE">47.785352</northBL><southBL Sync="TRUE">47.368703</southBL><exTypeCode Sync="TRUE">1</exTypeCode></geoBox></dataIdInfo><metainfo><langmeta Sync="TRUE">en</langmeta><metstdn Sync="TRUE">FGDC Content Standards for Digital Geospatial Metadata</metstdn><metstdv Sync="TRUE">FGDC-STD-001-1998</metstdv><mettc Sync="TRUE">local time</mettc><metc><cntinfo><cntaddr/><cntperp><cntper>Rich Folsom</cntper><cntorg>SPU - GIS</cntorg></cntperp><cntemail>rich.folsom@seattle.gov</cntemail><cntinst>email contact only</cntinst></cntinfo></metc><metd Sync="TRUE">20100302</metd><metextns><onlink Sync="TRUE">http://www.esri.com/metadata/esriprof80.html</onlink><metprof Sync="TRUE">ESRI Metadata Profile</metprof></metextns></metainfo><mdLang><languageCode Sync="TRUE" value="en"></languageCode></mdLang><mdStanName Sync="TRUE">ISO 19115 Geographic Information - Metadata</mdStanName><mdStanVer Sync="TRUE">DIS_ESRI1.0</mdStanVer><mdChar><CharSetCd Sync="TRUE" value="004"></CharSetCd></mdChar><mdHrLv><ScopeCd Sync="TRUE" value="005"></ScopeCd></mdHrLv><mdHrLvName Sync="TRUE">dataset</mdHrLvName><distinfo><resdesc Sync="TRUE">Downloadable Data</resdesc></distinfo><distInfo><distributor><distorTran><onLineSrc><orDesc Sync="TRUE">002</orDesc><linkage Sync="TRUE">Server=spu71; Service=5154; User=cgdb; Version=SDE.DEFAULT</linkage><protocol Sync="TRUE">ArcSDE Connection</protocol></onLineSrc></distorTran><distorFormat><formatName Sync="TRUE">SDE Feature Class</formatName></distorFormat></distributor></distInfo><spdoinfo><direct Sync="TRUE">Vector</direct><ptvctinf><esriterm Name="CGDB.BLDG2009_PLGN"><efeatyp Sync="TRUE">Simple</efeatyp><efeageom Sync="TRUE">Polygon</efeageom><esritopo Sync="TRUE">FALSE</esritopo><efeacnt Sync="TRUE">284017</efeacnt><spindex Sync="TRUE">TRUE</spindex><linrefer Sync="TRUE">FALSE</linrefer></esriterm><sdtsterm Name="CGDB.BLDG2009_PLGN"><sdtstype Sync="TRUE">G-polygon</sdtstype><ptvctcnt Sync="TRUE">284017</ptvctcnt></sdtsterm></ptvctinf></spdoinfo><spref><horizsys><cordsysn><geogcsn Sync="TRUE">GCS_North_American_1983_HARN</geogcsn><projcsn Sync="TRUE">NAD_1983_HARN_StatePlane_Washington_North_FIPS_4601_Feet</projcsn></cordsysn><planar><planci><plance Sync="TRUE">coordinate pair</plance><plandu Sync="TRUE">survey feet</plandu><coordrep><absres Sync="TRUE">0.000128</absres><ordres Sync="TRUE">0.000128</ordres></coordrep></planci><mapproj><mapprojn Sync="TRUE">Lambert Conformal Conic</mapprojn><lambertc><stdparll Sync="TRUE">47.500000</stdparll><stdparll Sync="TRUE">48.733333</stdparll><longcm Sync="TRUE">-120.833333</longcm><latprjo Sync="TRUE">47.000000</latprjo><feast Sync="TRUE">1640416.666667</feast><fnorth Sync="TRUE">0.000000</fnorth></lambertc></mapproj></planar><geodetic><horizdn Sync="TRUE">D_North_American_1983_HARN</horizdn><ellips Sync="TRUE">Geodetic Reference System 80</ellips><semiaxis Sync="TRUE">6378137.000000</semiaxis><denflat Sync="TRUE">298.257222</denflat></geodetic></horizsys><vertdef><altsys><altenc Sync="TRUE">Explicit elevation coordinate included with horizontal coordinates</altenc><altres Sync="TRUE">1.000000</altres></altsys></vertdef></spref><refSysInfo><RefSystem><refSysID><identCode Sync="TRUE">NAD_1983_HARN_StatePlane_Washington_North_FIPS_4601_Feet</identCode></refSysID></RefSystem></refSysInfo><spatRepInfo><VectSpatRep><topLvl><TopoLevCd Sync="TRUE" value="001"></TopoLevCd></topLvl><geometObjs Name="CGDB.BLDG2009_PLGN"><geoObjTyp><GeoObjTypCd Sync="TRUE" value="001"></GeoObjTypCd></geoObjTyp><geoObjCnt Sync="TRUE">284017</geoObjCnt></geometObjs></VectSpatRep></spatRepInfo><eainfo><detailed Name="CGDB.BLDG2009_PLGN"><enttyp><enttypl Sync="TRUE">CGDB.BLDG2009_PLGN</enttypl><enttypt Sync="TRUE">Feature Class</enttypt><enttypc Sync="TRUE">284017</enttypc><enttypd>Building Outlines 2009</enttypd></enttyp><attr><attrlabl Sync="TRUE">OBJECTID</attrlabl><attalias Sync="TRUE">OBJECTID</attalias><attrtype Sync="TRUE">OID</attrtype><attwidth Sync="TRUE">4</attwidth><atprecis Sync="TRUE">10</atprecis><attscale Sync="TRUE">0</attscale><attrdef Sync="TRUE">Internal feature number.</attrdef><attrdefs Sync="TRUE">ESRI</attrdefs><attrdomv><udom Sync="TRUE">Sequential unique whole numbers that are automatically generated.</udom></attrdomv></attr><attr><attrlabl Sync="TRUE">PIN_2009</attrlabl><attalias Sync="TRUE">PIN_2009</attalias><attrtype Sync="TRUE">String</attrtype><attwidth Sync="TRUE">10</attwidth><atprecis Sync="TRUE">0</atprecis><attscale Sync="TRUE">0</attscale><attrdef>Each building outline is associated to the parcel in which the geographic center is located. These are King County Parcel Identification Numbers (PIN) at the time of the building outline delination. </attrdef></attr><attr><attrlabl Sync="TRUE">X</attrlabl><attalias Sync="TRUE">X</attalias><attrtype Sync="TRUE">Double</attrtype><attwidth Sync="TRUE">8</attwidth><atprecis Sync="TRUE">38</atprecis><attscale Sync="TRUE">8</attscale><attrdef>The X value of the geographic center of the outline polygon.</attrdef></attr><attr><attrlabl Sync="TRUE">Y</attrlabl><attalias Sync="TRUE">Y</attalias><attrtype Sync="TRUE">Double</attrtype><attwidth Sync="TRUE">8</attwidth><atprecis Sync="TRUE">38</atprecis><attscale Sync="TRUE">8</attscale><attrdef>The Y value of the geographic center of the outline polygon.</attrdef></attr><attr><attrlabl Sync="TRUE">AREA_2009</attrlabl><attalias Sync="TRUE">AREA_2009</attalias><attrtype Sync="TRUE">Double</attrtype><attwidth Sync="TRUE">8</attwidth><atprecis Sync="TRUE">38</atprecis><attscale Sync="TRUE">8</attscale><attrdef>Spatial extent of polygon in map units (feet).</attrdef></attr><attr><attrlabl Sync="TRUE">BASE2005</attrlabl><attalias Sync="TRUE">BASE2005</attalias><attrtype Sync="TRUE">SmallInteger</attrtype><attwidth Sync="TRUE">2</attwidth><atprecis Sync="TRUE">5</atprecis><attscale Sync="TRUE">0</attscale><attrdef>This number shows whether the building outline was  modified from the existing 2005 outline or created solely off the 2009 imagery. Zero(0) means the building outline was created from 2009 imagery, one(1) means the building outline was modified from the 2005 outline. </attrdef></attr><attr><attrlabl Sync="TRUE">SHAPE</attrlabl><attalias Sync="TRUE">SHAPE</attalias><attrtype Sync="TRUE">Geometry</attrtype><attwidth Sync="TRUE">4</attwidth><atprecis Sync="TRUE">0</atprecis><attscale Sync="TRUE">0</attscale><attrdef Sync="TRUE">Feature geometry.</attrdef><attrdefs Sync="TRUE">ESRI</attrdefs><attrdomv><udom Sync="TRUE">Coordinates defining the features.</udom></attrdomv></attr><attr><attrlabl Sync="TRUE">SHAPE.AREA</attrlabl><attalias Sync="TRUE">SHAPE.AREA</attalias><attrtype Sync="TRUE">Double</attrtype><attwidth Sync="TRUE">0</attwidth><atprecis Sync="TRUE">0</atprecis><attscale Sync="TRUE">0</attscale><attrdef>Spatial extent of polygon in map units (feet).</attrdef></attr><attr><attrlabl Sync="TRUE">SHAPE.LEN</attrlabl><attalias Sync="TRUE">SHAPE.LEN</attalias><attrtype Sync="TRUE">Double</attrtype><attwidth Sync="TRUE">0</attwidth><atprecis Sync="TRUE">0</atprecis><attscale Sync="TRUE">0</attscale><attrdef>Length of polygon outline in map units (feet).</attrdef></attr></detailed></eainfo><mdDateSt Sync="TRUE">20100302</mdDateSt><dataqual><posacc><horizpa><horizpar>Positional Accuracy: offset from the imagery less than equal to 5 pixels
Geometric Accuracy: length of untraced edges less than equal to 5 pixels
Error Rate: ratio of positionally/geometrically inaccurate buildings and missed buildings less than equal to 0.5%
</horizpar></horizpa></posacc><lineage><procstep><procdesc Sync="TRUE">Metadata imported.</procdesc><srcused Sync="TRUE">D:\tmp_export_CGDB.BLDG2009_ORG.xml</srcused><procdate Sync="TRUE">20100302</procdate><proctime Sync="TRUE">17320700</proctime></procstep></lineage></dataqual></metadata>
